ZIP CODES;LOCATIONS;;;;;;;;;;;;;;;;;;;
25505; 30 Rhl Blvd, South Charleston, WV 25309-8278; 2070 Thundering Herd Rd, Barboursville, WV 25504-2600; 16600 Highlands Center Blvd, Bristol, VA 24202-4301;;;;;;;;;;;;;;;;;
12901; 60 Smithfield Blvd, Ste 49, Plattsburgh, NY 12901-2151; 155 Dorset St, South Burlington, VT 05403-6346; 578 Aviation Rd, Ste 1S, Queensbury, NY 12804-1803;;;;;;;;;;;;;;;;;
33023; 3251 Hollywood Blvd, Ste 300, Hollywood, FL 33021-6904; 5800 S University Dr, Davie, FL 33328-6102; 21265 Biscayne Blvd, Aventura, FL 33180-1241; 11253 Pines Blvd, Pembroke Pines, FL 33026-4118; 5601 NW 183rd St, Miami Gardens, FL 33055-2305; 14075 Biscayne Blvd, North Miami Beach, FL 33181-1629; 8201 Federated West Roadway, Plantation, FL 33324-2719; 16901 Miramar Pkwy, Miramar, FL 33027-4528; 1750 W 37th St, Hialeah, FL 33012-4687; 3401 N Miami Ave, Ste 100, Miami, FL 33127-3500; 12801 W Sunrise Blvd, Sunrise, FL 33323-4020; 3200 N Federal Hwy, Fort Lauderdale, FL 33306-1062; 1045 5th St, Unit 201, Miami Beach, FL 33139-6504; 1906 Ponce De Leon Blvd, Coral Gables, FL 33134-4413; 10101 W Flagler St, Miami, FL 33174-1830; 7795 SW 40th St, Miami, FL 33155-3546; 4400 N State Rd 7, Coral Springs, FL 33073-3353; 8350 S Dixie Hwy, Miami, FL 33143-7714; 9600 Westview Dr, Coral Springs, FL 33076-2514; 7800 SW 104th St, Miami, FL 33156-2631
15213; 6231 PENN AVE, PITTSBURGH, PA 15206; 360 Waterfront Dr E, Homestead, PA 15120-5004; 4801 McKnight Rd Ste 3, Pittsburgh, PA 15237-3423; 1717 Lebanon Church Rd, West Mifflin, PA 15236-1450; 288 Mt Nebo Pointe Dr, Pittsburgh, PA 15237-1317; 201 S Hills Vlg, Pittsburgh, PA 15241-1408; 2661 Freeport Rd, Pittsburgh, PA 15238-1441; 4004 Monroeville Blvd, Monroeville, PA 15146-2506; 105 Blazier Dr, Pittsburgh, PA 15237-6039; 600 Chauvet Dr, Pittsburgh, PA 15275-1043; 550 Grandview Crossing Dr, Gibsonia, PA 15044-7105; 8931 Route 30, North Huntingdon, PA 15642-2791; 1717 Route 228, Cranberry Twp, PA 16066-5312; 6206 State Rte 30, Greensburg, PA 15601-6399; 335 Washington Rd, Washington, PA 15301-2701; 87 Wagner Rd, Monaca, PA 15061-2141; 200 Butler Commons, Butler, PA 16001-2482; 120 Matthew Dr, Uniontown, PA 15401-8418; 300 Cabela Dr, Triadelphia, WV 26059-1023; 417 Boardman Poland Rd, Boardman, OH 44512-4907
30044; 1905 Scenic Hwy N, Snellville, GA 30078-5633; 875 Lawrenceville Suwanee Rd, Ste 4000, Lawrenceville, GA 30043-8479; 5950 State Bridge Rd, Duluth, GA 30097-6438; 3200 Holcomb Bridge Rd, Peachtree Corners, GA 30092-3361; 3205 Woodward Crossing Blvd, Ste B, Buford, GA 30519-4938; 4241 Lavista Rd, Tucker, GA 30084-5310; 2625 Peachtree Pkwy, Suwanee, GA 30024-1048; 6000 N Point Pkwy, Alpharetta, GA 30022-3006; 100 Perimeter Center Pl, Atlanta, GA 30346-1204; 2400 N Druid Hills Rd NE, Atlanta, GA 30329-3211; 13055 Highway 9 N, Milton, GA 30004-5137; 3535 Peachtree Rd NE, Atlanta, GA 30326-3287; 5570 Roswell Rd, Sandy Springs, GA 30342-1102; 2539 Piedmont Rd NE, Atlanta, GA 30324-3006; 916 Loganville Hwy, Ste 400, Bethlehem, GA 30620-2145; 1525 Market Place Blvd, Cumming, GA 30041-7935; 1275 Caroline St NE, Atlanta, GA 30307-2705; 5865 Spout Springs Rd, Flowery Branch, GA 30542-3448; 2195 Hwy 20 SE, Conyers, GA 30013-2028; 375 18th St, Atlanta, GA 30363
45231; 9040 Colerain Ave, Cincinnati, OH 45251-2402; 900 E Kemper Rd, Springdale, OH 45246-2518; 9099 Plainfield Rd, Blue Ash, OH 45236-1245; 3245 Geier Dr, Cincinnati, OH 45209-5009; 235 Calhoun St, Cincinnati, OH 45219-1528; 6150 Glenway Ave, Cincinnati, OH 45211-6319; 3369 Princeton Rd, Hamilton, OH 45011-5389; 160 Pavilion Pkwy, Newport, KY 41071-2884; 7644 Voice of America Center Dr, West Chester, OH 45069-2794; 9841 Waterstone Blvd, Cincinnati, OH 45249-8296; 100 Rivers Edge, Milford, OH 45150-2585; 1100 Hansel Dr, Florence, KY 41042-4869; 8680 Beechmont Ave, Cincinnati, OH 45255-4710; 400 Corwin Nixon Blvd, South Lebanon, OH 45065-1196; 2300 Miamisburg Centerville Rd, Dayton, OH 45459-3722; 4341 Feedwire Rd, Dayton, OH 45440-3970; 2490 N Fairfield Rd, Beavercreek, OH 45431-1787; 5700 Executive Blvd, Huber Heights, OH 45424-1449; 1865 N National Rd, Columbus, IN 47201-5194; 3601 N Barr St, Muncie, IN 47303-1246
33411; 10155 Okeechobee Blvd, West Palm Beach, FL 33411-1404; 1760 Palm Beach Lakes Blvd, West Palm Beach, FL 33401-2008; 5900 Lake Worth Rd, Greenacres, FL 33463-3212; 5900 State Rd 7, Lake Worth, FL 33449-5438; 500 N Congress Ave, Lake Park, FL 33403-3802; 10201 Hagen Ranch Rd, Boynton Beach, FL 33437-3758; 650 N Congress Ave, Boynton Beach, FL 33426-3445; 1200 Linton Blvd, Delray Beach, FL 33444-1115; 21637 State Road 7, Boca Raton, FL 33428-1843; 3599 W Hillsboro Blvd, Deerfield Beach, FL 33442-9404; 9600 Westview Dr, Coral Springs, FL 33076-2514; 1200 S Federal Hwy, Deerfield Beach, FL 33441-7037; 4400 N State Rd 7, Coral Springs, FL 33073-3353; 2650 NW Federal Hwy, Stuart, FL 34994-9318; 3200 N Federal Hwy, Fort Lauderdale, FL 33306-1062; 12801 W Sunrise Blvd, Sunrise, FL 33323-4020; 10720 SW Village Pkwy, Port Saint Lucie, FL 34987-2188; 8201 Federated West Roadway, Plantation, FL 33324-2719; 5800 S University Dr, Davie, FL 33328-6102; 3251 Hollywood Blvd, Ste 300, Hollywood, FL 33021-6904
10005; 255 Greenwich St, New York, NY 10007-2377; 400 Grand St, New York, NY 10002-3949; 445 Albee Square West, BROOKLYN, NY 11201-3016; 139 Flatbush Ave, Brooklyn, NY 11217-1403; 500 E 14th St, New York, NY 10009; 100 14th St, Jersey City, NJ 07310-1202; 512 2nd Ave, New York, NY 10016-8604; 112 W 34th St, New York, NY 10120-0101; 615 10th Ave, New York, NY 10036; 1863 Broadway, New York, NY 10023-7503; 1201 3rd Ave, New York, NY 10021-5401; 6401 18th Ave, Brooklyn, NY 11204-3730; 1598 Flatbush Ave, Brooklyn, NY 11210-3036; 7101 Tonnelle Ave, North Bergen, NJ 07047-4507; 1715 E. 13th St, Brooklyn, NY 11229-2086; 8801 Queens Blvd, Elmhurst, NY 11373-4449; 517 E 117th Street, Suite 201, New York, NY 10035-4410; 543 River Rd, Edgewater, NJ 07020-1146; 519 Gateway Dr, Brooklyn, NY 11239-2801; 7000 AUSTIN ST, FOREST HILLS, NY 11375-1022
11224; 1715 E. 13th St, Brooklyn, NY 11229-2086; 6401 18th Ave, Brooklyn, NY 11204-3730; 1598 Flatbush Ave, Brooklyn, NY 11210-3036; 139 Flatbush Ave, Brooklyn, NY 11217-1403; 445 Albee Square West, BROOKLYN, NY 11201-3016; 519 Gateway Dr, Brooklyn, NY 11239-2801; 1520 Forest Ave, Staten Island, NY 10302-2225; 2873 Richmond Ave, Staten Island, NY 10314-5811; 255 Greenwich St, New York, NY 10007-2377; 400 Grand St, New York, NY 10002-3949; 500 E 14th St, New York, NY 10009; 100 14th St, Jersey City, NJ 07310-1202; 512 2nd Ave, New York, NY 10016-8604; 112 W 34th St, New York, NY 10120-0101; 7000 AUSTIN ST, FOREST HILLS, NY 11375-1022; 8801 Queens Blvd, Elmhurst, NY 11373-4449; 615 10th Ave, New York, NY 10036; 2900 Veterans Rd W, Staten Island, NY 10309-2500; 1201 3rd Ave, New York, NY 10021-5401; 1863 Broadway, New York, NY 10023-7503
40214; 7311 Jefferson Blvd, Louisville, KY 40219-6178; 3600 Mall Rd, Louisville, KY 40218-5403; 4174 Westport Rd, Louisville, KY 40207-2735; 2209 State St, New Albany, IN 47150-4924; 4640 Taylorsville Rd, Louisville, KY 40220-3530; 1125 Veterans Pkwy, Clarksville, IN 47129-2664; 4101 Towne Center Dr, Louisville, KY 40241-4146; 12975 Shelbyville Rd, Ste 100, Louisville, KY 40243-2425; 1631 Ring Rd, Elizabethtown, KY 42701-5470; 131 West Reynolds Rd, Lexington, KY 40503-3599; 500 S Upper St, STE 110, Lexington, KY 40508; 1865 N National Rd, Columbus, IN 47201-5194; 1940 Pavillon Way, Lexington, KY 40509-2210; 5151 Frederica St, Owensboro, KY 42301-7443; 2966 E 3rd St, Bloomington, IN 47401-5424; 1100 Hansel Dr, Florence, KY 41042-4869; 160 American Ave, Bowling Green, KY 42104-6378; 6625 E Lloyd Expy, Evansville, IN 47715-2757; 6150 Glenway Ave, Cincinnati, OH 45211-6319; 160 Pavilion Pkwy, Newport, KY 41071-2884
21044; 6111 Dobbin Rd, Columbia, MD 21045-5802; 4390 Montgomery Rd, Ellicott City, MD 21043-6068; 3343 Corridor Marketplace, Laurel, MD 20724-2378; 12000 Cherry Hill Rd, Silver Spring, MD 20904-1985; 7951 Nolpark Ct, Glen Burnie, MD 21061-5205; 1737 Reisterstown Rd, Pikesville, MD 21208-2907; 6100 Greenbelt Rd, Greenbelt, MD 20770-4063; 6717 Ritchie Hwy, Glen Burnie, MD 21061-2318; 11160 Veirs Mill Rd, Silver Spring, MD 20902-2538; 7501 Baltimore Ave, STE 1, College Park, MD 20740; 11200 Reisterstown Rd, Owings Mills, MD 21117-1903; 2384 BRANDERMILL BLVD, Gambrills, MD 21054; 5700 Bou Ave, Rockville, MD 20852-1663; 3500 East West Hwy Ste 1200, Hyattsville, MD 20782-5003; 7828 Georgia Ave NW, Washington, DC 20012-1305; 3559 Boston Street, Baltimore, MD 21224; 10401 Martin Luther King Jr Hwy, Bowie, MD 20720-4201; 25 Grand Corner Ave, Gaithersburg, MD 20878-7305; 6831 Wisconsin Ave, Bethesda, MD 20815-6122; 20908 Frederick Rd, Germantown, MD 20876-4134
11415; 7000 AUSTIN ST, FOREST HILLS, NY 11375-1022; 8801 Queens Blvd, Elmhurst, NY 11373-4449; 4024 College Point Blvd, Ste F600, Flushing, NY 11354-5112; 519 Gateway Dr, Brooklyn, NY 11239-2801; 13505 20th Ave, College Point, NY 11356-2446; 500 W Sunrise Hwy, Valley Stream, NY 11581-1001; 1730 Hempstead TPK, Elmont, NY 11003-1856; 139 Flatbush Ave, Brooklyn, NY 11217-1403; 815 E Hutchinson River Pkwy, Bronx, NY 10465-1818; 500 E 14th St, New York, NY 10009; 517 E 117th Street, Suite 201, New York, NY 10035-4410; 1201 3rd Ave, New York, NY 10021-5401; 1598 Flatbush Ave, Brooklyn, NY 11210-3036; 512 2nd Ave, New York, NY 10016-8604; 445 Albee Square West, BROOKLYN, NY 11201-3016; 400 Grand St, New York, NY 10002-3949; 112 W 34th St, New York, NY 10120-0101; 1863 Broadway, New York, NY 10023-7503; 615 10th Ave, New York, NY 10036; 255 Greenwich St, New York, NY 10007-2377
